3/22/2015,"https://www.google.com/url?sa=t&rct=j&q=&esrc=s&source=web&cd=1&ved=0CB4QFjAA&url=http%3A%2F%2Fwww.tornadoweb.org%2Fen%2Fbranch2.1%2Fwebsocket.html&ei=xeAOVbaMBYT8UJeVg7AE&usg=AFQjCNE_63dnukgxU4K6TUco_ptjB2pvxg&sig2=r8FNCO-ahftSP4jQLb4X1w&bvm=bv.88528373,d.bGQ&cad=rja"
3/22/2015,http://www.tornadoweb.org/
3/22/2015,http://www.tornadoweb.org/en/stable/
3/22/2015,"https://www.google.com/url?sa=t&rct=j&q=&esrc=s&source=web&cd=2&ved=0CCUQFjAB&url=http%3A%2F%2Fwww.tornadoweb.org%2F&ei=xeAOVbaMBYT8UJeVg7AE&usg=AFQjCNEcoIv412cu-WzPQhUefXj2o7lgGQ&sig2=PNmga09KDE1jlPHBFXf4mw&bvm=bv.88528373,d.bGQ&cad=rja"
3/22/2015,http://developer.mbed.org/cookbook/Websockets-Server
3/22/2015,"https://www.google.com/url?sa=t&rct=j&q=&esrc=s&source=web&cd=3&ved=0CCwQFjAC&url=http%3A%2F%2Fdeveloper.mbed.org%2Fcookbook%2FWebsockets-Server&ei=xeAOVbaMBYT8UJeVg7AE&usg=AFQjCNElxMRRZDSGZ1CLJPeozToSSD0HAQ&sig2=TZr5yV25MKqG6xQMOjEMPg&bvm=bv.88528373,d.bGQ&cad=rja"
3/22/2015,http://www.tornadoweb.org/en/stable/search.html?q=websockets&check_keywords=yes&area=default
3/22/2015,http://www.tornadoweb.org/en/stable/websocket.html?highlight=websockets
3/22/2015,https://mail.google.com/mail/u/0/?pli=1#search/abrox
3/22/2015,http://docs.python.org/library/os.path.html
3/22/2015,https://docs.python.org/library/os.path.html
3/22/2015,https://docs.python.org/2/library/os.path.html
3/22/2015,https://www.google.com/webhp?sourceid=chrome-instant&ion=1&espv=2&ie=UTF-8#q=python%20list%20all%20files%20in%20a%20directory
3/22/2015,https://docs.google.com/a/umich.edu/document/d/1_SdCCtOQeJy6A_mGJ8c5eQcSbrg0VeAhz8aWIICcwms/edit
3/22/2015,http://facebook.com/
3/22/2015,https://facebook.com/
3/22/2015,https://www.facebook.com/?_rdr
3/22/2015,https://www.google.com/webhp?sourceid=chrome-instant&ion=1&espv=2&ie=UTF-8#q=download%20file%20from%20tornado
3/22/2015,"https://www.google.com/url?sa=t&rct=j&q=&esrc=s&source=web&cd=1&ved=0CB4QFjAA&url=http%3A%2F%2Fstackoverflow.com%2Fquestions%2F18329273%2Fdownload-functionality-in-tornado&ei=t-QOVfHTPImqUfSDgYAG&usg=AFQjCNGzB7Q5h7OYFY9THANOk2JP9vQ3PA&sig2=K981QYFfQkhChEwwzoOy7Q&bvm=bv.88528373,d.bGQ&cad=rja"
3/22/2015,http://stackoverflow.com/questions/17662878/hosting-static-file-for-download-python-tornado
3/22/2015,"https://www.google.com/url?sa=t&rct=j&q=&esrc=s&source=web&cd=2&ved=0CCUQFjAB&url=http%3A%2F%2Fstackoverflow.com%2Fquestions%2F17662878%2Fhosting-static-file-for-download-python-tornado&ei=t-QOVfHTPImqUfSDgYAG&usg=AFQjCNFQsJApcejAueZTlXtDBe6y9b-4aw&sig2=5ch42GENpN-mGEAGgALrUA&bvm=bv.88528373,d.bGQ&cad=rja"
3/22/2015,https://gist.github.com/1790864
3/22/2015,https://gist.github.com/alejandrobernardis/1790864
3/22/2015,"https://www.google.com/url?sa=t&rct=j&q=&esrc=s&source=web&cd=3&ved=0CCwQFjAC&url=https%3A%2F%2Fgist.github.com%2F1790864&ei=t-QOVfHTPImqUfSDgYAG&usg=AFQjCNGkcvDrrMyG83x1cIXyMb16-m0hOQ&sig2=e_eZJPb3fk5DXDT_kJwFlg&bvm=bv.88528373,d.bGQ&cad=rja"
3/22/2015,http://stackoverflow.com/questions/17309288/importerror-no-module-named-requests
3/22/2015,https://www.google.com/webhp?sourceid=chrome-instant&ion=1&espv=2&ie=UTF-8#q=no%20module%20named%20requests
3/22/2015,https://pypi.python.org/pypi/requests
3/22/2015,https://www.google.com/webhp?sourceid=chrome-instant&ion=1&espv=2&ie=UTF-8#q=main%20python
3/22/2015,http://www.artima.com/weblogs/viewpost.jsp?thread=4829
3/22/2015,https://www.google.com/analytics/web/?authuser=0#realtime/rt-goal/a60069103w94364942p98307763/%3Ffilter.list%3D1%3D%3DGuatemala%3B/
3/22/2015,https://www.google.com/analytics/web/?authuser=0#realtime/rt-goal/a60069103w94364942p98307763/
3/22/2015,https://www.google.com/analytics/web/?authuser=0#realtime/rt-overview/a60069103w94364942p98307763/
3/22/2015,https://www.google.com/analytics/web/?authuser=0#realtime/rt-traffic/a60069103w94364942p98307763/
3/22/2015,https://www.google.com/analytics/web/?authuser=0#realtime/rt-traffic/a60069103w94364942p98307763/%3Ffilter.list%3D7%3D%3Dgoogle%3B/
3/22/2015,https://www.google.com/analytics/web/?authuser=0#report/visitors-overview/a60069103w94364942p98307763/
3/22/2015,http://as.com/
3/22/2015,https://www.facebook.com/video.php?v=10153334895719796&set=vb.12553674795&type=2&theater&notif_t=comment_mention
3/22/2015,https://www.facebook.com/ale.cuspi/posts/10153099257241327?comment_id=10153107105946327&offset=0&total_comments=1&notif_t=feed_comment
3/22/2015,https://www.facebook.com/photo.php?fbid=10153221455086983&set=ms.c.eJwzNDA0NTYyMjQxNTEwNbO0MNYzRIiYWxqiiZgYo4mYGliAdAEA~%3Bq4OPg~-~-.bps.a.10153220600056983.1073741833.616516982&type=1&theater
3/22/2015,https://www.facebook.com/photo.php?fbid=10153221454431983&set=ms.c.eJwzNDA0NTYyMjQxNTEwNbO0MNYzRIiYWxqiiZgYo4mYGliAdAEA~%3Bq4OPg~-~-.bps.a.10153220600056983.1073741833.616516982&type=1&theater
3/22/2015,https://www.facebook.com/photo.php?fbid=10153221454791983&set=ms.c.eJwzNDA0NTYyMjQxNTEwNbO0MNYzRIiYWxqiiZgYo4mYGliAdAEA~%3Bq4OPg~-~-.bps.a.10153220600056983.1073741833.616516982&type=1&theater
3/22/2015,https://www.facebook.com/photo.php?fbid=10153221454056983&set=ms.c.eJwzNDA0NTYyMjQxNTEwNbO0MNYzRIiYWxqiiZgYo4mYGliAdAEA~%3Bq4OPg~-~-.bps.a.10153220600056983.1073741833.616516982&type=1&theater
3/22/2015,https://www.facebook.com/photo.php?fbid=2751713275417&set=ms.c.eJwzMjc1NDc0NjQ0NTE01jOC8ICUiaE5AEu7BWw~-.bps.a.2562067454390.1073741832.1335180710&type=1&theater
3/22/2015,https://www.facebook.com/photo.php?fbid=2751713115413&set=ms.c.eJwzMjc1NDc0NjQ0NTE01jOC8ICUiaE5AEu7BWw~-.bps.a.2562067454390.1073741832.1335180710&type=1&theater
3/22/2015,http://www.frenchconnection.com/
3/22/2015,http://usa.frenchconnection.com/
3/22/2015,http://usa.frenchconnection.com/category/man+Collections+shirts/Shirts.htm
3/22/2015,http://usa.frenchconnection.com/category/Man+Collections+Tees+and+Polos/Mens+T-Shirts.htm
3/22/2015,http://usa.frenchconnection.com/category/man/man.htm
3/22/2015,http://www.lauradhamilton.com/how-to-set-up-a-nodejs-web-server-on-amazon-ec2
3/22/2015,https://piazza.com/class
3/22/2015,https://piazza.com/class/i4eqyjmc8213az
3/22/2015,https://piazza.com/class/i4eqyjmc8213az?cid=528
3/22/2015,https://piazza.com/class/i4eqyjmc8213az?cid=527
3/22/2015,https://mail.google.com/mail/u/0/?pli=1#inbox
3/22/2015,https://www.google.com/webhp?sourceid=chrome-instant&ion=1&espv=2&ie=UTF-8#q=python%20set%20timers
3/22/2015,http://stackoverflow.com/questions/18406165/creating-a-timer-in-python
3/22/2015,"https://www.google.com/url?sa=t&rct=j&q=&esrc=s&source=web&cd=1&ved=0CB4QFjAA&url=http%3A%2F%2Fstackoverflow.com%2Fquestions%2F18406165%2Fcreating-a-timer-in-python&ei=ousOVbGHMsHsUoKMhKAJ&usg=AFQjCNG8kXWkSX981vFKqKEghbQYKDcfEQ&sig2=V29qL2w5zuMBZIfazGp9Kg&bvm=bv.88528373,d.bGQ&cad=rja"
3/22/2015,https://ap-northeast-1.console.aws.amazon.com/ec2/v2/home?region=ap-northeast-1#SecurityGroups:search=sg-1b9a217e;sort=groupId
3/22/2015,https://www.google.com/webhp?sourceid=chrome-instant&ion=1&espv=2&ie=UTF-8#q=python%20interrupts
3/22/2015,https://www.google.com/webhp?sourceid=chrome-instant&ion=1&espv=2&ie=UTF-8#q=javascript%20interrupt
3/22/2015,https://www.google.com/webhp?sourceid=chrome-instant&ion=1&espv=2&ie=UTF-8#q=javascript+interval
3/22/2015,https://www.google.com/webhp?sourceid=chrome-instant&ion=1&espv=2&ie=UTF-8#q=javascript+setinterval
3/22/2015,https://www.google.com/webhp?sourceid=chrome-instant&ion=1&espv=2&ie=UTF-8#q=python+setinterval
3/22/2015,http://stackoverflow.com/questions/2697039/python-equivalent-of-setinterval
3/22/2015,"https://www.google.com/url?sa=t&rct=j&q=&esrc=s&source=web&cd=1&sqi=2&ved=0CB4QFjAA&url=http%3A%2F%2Fstackoverflow.com%2Fquestions%2F2697039%2Fpython-equivalent-of-setinterval&ei=U-4OVdHuMcjOaK7ngeAI&usg=AFQjCNHkoN3b6-dCEYlEoiVATSWyGxqU_Q&sig2=DjRIpDgXNs3i_0Xm9_VcOA&bvm=bv.88528373,d.bGQ&cad=rja"
3/22/2015,https://gist.github.com/stamat/5371218
3/22/2015,"https://www.google.com/url?sa=t&rct=j&q=&esrc=s&source=web&cd=3&sqi=2&ved=0CCwQFjAC&url=https%3A%2F%2Fgist.github.com%2Fstamat%2F5371218&ei=U-4OVdHuMcjOaK7ngeAI&usg=AFQjCNFNqB1CGOtQKeqOgOmWdo8JwtT7bw&sig2=_nbGyhzs_MLCyY0FZtKndg&bvm=bv.88528373,d.bGQ&cad=rja"
3/22/2015,http://stackoverflow.com/questions/5179467/equivalent-of-setinterval-in-python
3/22/2015,"https://www.google.com/url?sa=t&rct=j&q=&esrc=s&source=web&cd=2&sqi=2&ved=0CCUQFjAB&url=http%3A%2F%2Fstackoverflow.com%2Fquestions%2F5179467%2Fequivalent-of-setinterval-in-python&ei=U-4OVdHuMcjOaK7ngeAI&usg=AFQjCNEDMBs50W73cxitRdHSMdDEazV_BA&sig2=AvY_i5ih6xusKNaFDiwCSQ&bvm=bv.88528373,d.bGQ&cad=rja"
3/22/2015,"https://www.google.com/url?sa=t&rct=j&q=&esrc=s&source=web&cd=4&sqi=2&ved=0CDMQFjAD&url=http%3A%2F%2Fcode.activestate.com%2Frecipes%2F65222-run-a-task-every-few-seconds%2F&ei=U-4OVdHuMcjOaK7ngeAI&usg=AFQjCNECgkF5G-PSgguMAb2mMkkWvFKA4w&sig2=ctPokCTAs-5EEapi7eW5wg&bvm=bv.88528373,d.bGQ&cad=rja"
3/22/2015,http://code.activestate.com/recipes/65222-run-a-task-every-few-seconds/
3/22/2015,http://stackoverflow.com/questions/235839/indent-multiple-lines-quickly-in-vi
3/22/2015,https://www.google.com/webhp?sourceid=chrome-instant&ion=1&espv=2&ie=UTF-8#q=vim%20tab%20multiple%20lines
3/22/2015,http://stackoverflow.com/questions/18329273/download-functionality-in-tornado
3/22/2015,http://www.facebook.com/home.php#!/
3/22/2015,https://www.facebook.com/home.php#!/
3/22/2015,https://www.facebook.com/
3/22/2015,https://www.google.com/webhp?sourceid=chrome-instant&ion=1&espv=2&ie=UTF-8
3/22/2015,https://www.google.com/webhp?sourceid=chrome-instant&ion=1&espv=2&ie=UTF-8#q=get%20csv%20of%20browsing%20history
3/22/2015,"https://www.google.com/url?sa=t&rct=j&q=&esrc=s&source=web&cd=3&ved=0CC8QFjAC&url=http%3A%2F%2Fwww.ampercent.com%2Fexport-google-chrome-history-csv-text-html%2F8900%2F&ei=MPUOVYDvL4muUYv6Aw&usg=AFQjCNF5XdEbuy5YeE4TfV7kbQxJj2lAqQ&sig2=rU_AVtCitH-BaRMp8s_Dbw&bvm=bv.88528373,d.bGQ&cad=rja"
3/22/2015,http://www.ampercent.com/export-google-chrome-history-csv-text-html/8900/
3/22/2015,https://www.google.com/webhp?sourceid=chrome-instant&ion=1&espv=2&ie=UTF-8#q=get+csv+of+browsing+history+chrome
3/22/2015,"https://www.google.com/url?sa=t&rct=j&q=&esrc=s&source=web&cd=1&ved=0CB4QFjAA&url=http%3A%2F%2Fwww.nirsoft.net%2Futils%2Fchrome_history_view.html&ei=aPUOVcXgHIi1UZqYgdAB&usg=AFQjCNGuVvAM_t-msmmmZaPgxi19rxwRvw&sig2=LPd-hDnYH8NZPHGAJA8pMA&bvm=bv.88528373,d.bGQ&cad=rja"
3/22/2015,"https://www.google.com/url?sa=t&rct=j&q=&esrc=s&source=web&cd=3&ved=0CCoQFjAC&url=https%3A%2F%2Fchrome.google.com%2Fwebstore%2Fdetail%2Fexport-history%2Fhcohnnbbiggngobheobhdipbgmcbelhh%3Fhl%3Den-US&ei=aPUOVcXgHIi1UZqYgdAB&usg=AFQjCNFwq_cSYc8SjgwJGYcoK0jdQc25Tw&sig2=bZ2BNC2bVKMCT6Unfn3jfg&bvm=bv.88528373,d.bGQ&cad=rja"
3/22/2015,https://chrome.google.com/webstore/detail/export-history/hcohnnbbiggngobheobhdipbgmcbelhh?hl=en-US
3/22/2015,https://chrome.google.com/webstore/category/apps?hl=en-US
3/22/2015,"https://www.google.com/url?sa=t&rct=j&q=&esrc=s&source=web&cd=4&ved=0CDMQFjAD&url=http%3A%2F%2Fproductforums.google.com%2Fd%2Ftopic%2Fchrome%2FxelhxR2GRb8&ei=aPUOVcXgHIi1UZqYgdAB&usg=AFQjCNEqHw4pf_Lc1ZY1bC8pE22vHPxX3A&sig2=PmL-7iaaSevE5cvDc1smcg&bvm=bv.88528373,d.bGQ&cad=rja"
3/22/2015,http://productforums.google.com/d/topic/chrome/xelhxR2GRb8
3/22/2015,https://productforums.google.com/d/topic/chrome/xelhxR2GRb8
3/22/2015,https://productforums.google.com/forum/#!topic/chrome/xelhxR2GRb8
3/22/2015,https://yuji.wordpress.com/2014/03/10/export-chrome-history-as-csv-spreadsheet/
3/22/2015,"https://www.google.com/url?sa=t&rct=j&q=&esrc=s&source=web&cd=5&ved=0CDsQFjAE&url=https%3A%2F%2Fyuji.wordpress.com%2F2014%2F03%2F10%2Fexport-chrome-history-as-csv-spreadsheet%2F&ei=aPUOVcXgHIi1UZqYgdAB&usg=AFQjCNEn3ooD3MD24g3wV61B5RFpLGcbJw&sig2=uMvg579IFek2PYvRc1E_Yw&bvm=bv.88528373,d.bGQ&cad=rja"
3/22/2015,http://superuser.com/questions/602252/can-chrome-browser-history-be-exported-to-an-html-file
3/22/2015,"https://www.google.com/url?sa=t&rct=j&q=&esrc=s&source=web&cd=6&ved=0CEEQFjAF&url=http%3A%2F%2Fsuperuser.com%2Fquestions%2F602252%2Fcan-chrome-browser-history-be-exported-to-an-html-file&ei=aPUOVcXgHIi1UZqYgdAB&usg=AFQjCNFHHM8MhFWK8gF35ANTpzGFJv0cLw&sig2=AaTJRf8GXx6qsr-q4ryeow&bvm=bv.88528373,d.bGQ&cad=rja"
3/22/2015,http://www.nirsoft.net/utils/chrome_history_view.html
3/22/2015,http://www.google.com/url?q=http%3A%2F%2Fwww.nirsoft.net%2Futils%2Fchrome_history_view.html&sa=D&sntz=1&usg=AFQjCNGyNvI7hNW48l-KaR5jaJf4wsymcw
3/22/2015,https://talkgadget.google.com/u/0/talkgadget/_/chat?client=sm&prop=gmail&nav=true&fid=gtn-roster-iframe-id&os=MacIntel&stime=1426710705066&xpc=%7B%22cn%22%3A%2259ca0q%22%2C%22tp%22%3A1%2C%22ifrid%22%3A%22gtn-roster-iframe-id%22%2C%22pu%22%3A%22https%3A%2F%2Ftalkgadget.google.com%2Fu%2F0%2Ftalkgadget%2F_%2F%22%7D&ec=%5B%22ci%3Aec%22%2Ctrue%2Ctrue%2Cfalse%5D&pvt=AMP3uWbkQ6zlb1s6wg55KAK01hLR9148OSFFwzve9L8EWQXBZmhlIadl--mRzV6iLg_U25UoH4WwMxphTpvxjHV887ig1lL9NA%3D%3D&href=https%3A%2F%2Fmail.google.com%2F_%2Fscs%2Fmail-static%2F_%2Fjs%2Fk%3Dgmail.main.en.6TpwuIJl04A.O%2Fm%3Dm_i%2Ct%2Cit%2Fam%3DPiMaYf7v_UGMM2SXPlD377_fXdL87PP4_94EkOwogP-b_T-I_wP76QsJ%2Frt%3Dh%2Fd%3D1%2Ft%3Dzcms%2Frs%3DAHGWq9BBsPy0mNsSKUQ9Nk8EYPpG7MxG5Q%3Frel%3D1&pos=l&uiv=2&hl=en&hpc=true&hsm=true&hrc=true&uqp=false&gooa=true&gltsi=false&gusm=true&sl=false&hs=%5B%22h_hs%22%2Cnull%2Cnull%2C%5B1%2C2%5D%5D&moleh=380&mmoleh=36&two=https%3A%2F%2Fmail.google.com&host=1&zx=0.375300666783005
3/22/2015,http://stackoverflow.com/questions/1855095/how-to-create-a-zip-archive-of-a-directory
3/22/2015,https://www.google.com/webhp?sourceid=chrome-instant&ion=1&espv=2&ie=UTF-8#q=python+zipfile+example
3/22/2015,https://www.google.com/webhp?sourceid=chrome-instant&ion=1&espv=2&ie=UTF-8#q=python%20zip
3/22/2015,http://stackoverflow.com/questions/431684/how-do-i-cd-in-python
3/22/2015,https://www.google.com/webhp?sourceid=chrome-instant&ion=1&espv=2&ie=UTF-8#q=python%20change%20directory
3/22/2015,https://www.google.com/webhp?sourceid=chrome-instant&ion=1&espv=2&ie=UTF-8#q=os.mkfifo
3/22/2015,https://docs.python.org/2/library/zipfile.html
3/22/2015,https://www.google.com/webhp?sourceid=chrome-instant&ion=1&espv=2&ie=UTF-8#q=python+create+file
3/22/2015,http://stackoverflow.com/questions/5137497/find-current-directory-and-files-directory
3/22/2015,https://www.google.com/webhp?sourceid=chrome-instant&ion=1&espv=2&ie=UTF-8#q=python+current+directory
3/22/2015,https://www.google.com/webhp?sourceid=chrome-instant&ion=1&espv=2&ie=UTF-8#q=python+zipfile+mode
3/22/2015,https://ctools.umich.edu/portal/site/e4fc7da2-a989-4128-a415-8792d956d761/page/2d6754b6-85ea-49b4-b3fc-de5cb26468e7
3/22/2015,https://ctools.umich.edu/portal/site/e4fc7da2-a989-4128-a415-8792d956d761
3/22/2015,https://ctools.umich.edu/cosign/valid?cosign-ctools=ExkkY9wWyQBJs+tMaHjMZAOhZe4F6C4Xvf8cbHuEtuAh2unpRVLcSWViehctkca7vwERGSKYiX0-eDZtuAfc13G-hN3o3fw+QWgCItoZ9BrXAMhGrWemGbzGudoA&https://ctools.umich.edu/sakai-login-tool/container
3/22/2015,https://ctools.umich.edu/portal/tool/2e3b1a3f-afda-4f77-be09-161b5bdfaadb?panel=Main
3/22/2015,https://ctools.umich.edu/portal/tool/2e3b1a3f-afda-4f77-be09-161b5bdfaadb?panel=Main#
3/22/2015,https://ctools.umich.edu/access/content/group/e4fc7da2-a989-4128-a415-8792d956d761/Solutions/HW%206%20Solutions.pdf
3/22/2015,https://ctools.umich.edu/access/content/group/e4fc7da2-a989-4128-a415-8792d956d761/Solutions/prob5pans.pdf
3/22/2015,https://ctools.umich.edu/access/content/group/e4fc7da2-a989-4128-a415-8792d956d761/Solutions/prob8pans.pdf
3/22/2015,https://ctools.umich.edu/access/content/group/e4fc7da2-a989-4128-a415-8792d956d761/Solutions/prob7pans.pdf
3/22/2015,https://ctools.umich.edu/access/content/group/e4fc7da2-a989-4128-a415-8792d956d761/Solutions/prob9pans.pdf
3/22/2015,https://mail.google.com/mail/u/0/?pli=1#inbox?compose=14c42d70c3950c9d
3/22/2015,https://mail.google.com/mail/u/0/?pli=1#inbox?compose=14c42d6c37bc8d62
3/22/2015,https://mail.google.com/mail/u/0/?pli=1#inbox?compose=14c42d796b17ee98
3/22/2015,https://mail.google.com/mail/u/0/?pli=1#inbox/14c428df7aa40720
3/22/2015,https://mail.google.com/mail/u/0/?pli=1#inbox/14c41b342116ceb3
3/22/2015,https://mail.google.com/mail/u/0/?pli=1#inbox/14c422d6543af388
3/22/2015,https://mail.google.com/mail/u/0/?pli=1#inbox/14c42688f5e20298
3/22/2015,https://www.google.com/webhp?sourceid=chrome-instant&ion=1&espv=2&ie=UTF-8#q=python+timestamp
3/22/2015,https://mail.google.com/mail/u/0/#inbox/14c41fcb2b5fece0
3/22/2015,https://signin.aws.amazon.com/oauth?Action=logout&SignatureVersion=4&X-Amz-Algorithm=AWS4-HMAC-SHA256&X-Amz-Credential=AKIAJAGUMTFT25MWTP6Q&X-Amz-Date=2015-03-22T20%3A20%3A47.335Z&X-Amz-Signature=c4cd9bcdb4ee7ee64fd76ed458844058148bed96fbf05788fe7df1aa6dead885&X-Amz-SignedHeaders=host&redirect_uri=aws.amazon.com
3/22/2015,https://mail.google.com/mail/u/0/?pli=1#inbox/14c4314cc3aade7d
3/22/2015,http://graphics.stanford.edu/software/lightpack/lifs.html
3/22/2015,file:///Users/lisa/Downloads/lightpack/doc/faq.html
3/22/2015,https://mail.google.com/mail/u/0/?pli=1#inbox/14c3ea3a830ce5f7
3/22/2015,https://mail.google.com/mail/u/1/#inbox/14c42a6e7b8aece6
3/22/2015,http://www.netflix.com/WiPlayer?movieid=80032026&trkid=13462100&tctx=-99%2C-99%2C56227a2f-3881-45de-ba73-9f99ad712626-5647108
3/22/2015,https://mail.google.com/mail/u/1/#inbox/14c430d0c49679bc
3/22/2015,https://mail.google.com/mail/u/0/?pli=1#inbox/14c433441ab7cf99
3/22/2015,http://www.netflix.com/WiPlayer?movieid=80032026&trkid=13462100&tctx=-99%2C-99%2C56227a2f-3881-45de-ba73-9f99ad712626-5647108#episodeId=80032027
3/22/2015,http://cl.exct.net/?qs=eb287ce53a33f528795d8067da1060b060b3d60b97079bfd9feb14145e52d4d5d894c7b9df0e39cb
3/22/2015,http://profiles.looksharp.co/users/edit
3/22/2015,https://profiles.looksharp.co/users/edit
3/22/2015,https://profiles.looksharp.co/profile/edit
3/22/2015,https://profiles.looksharp.co/
3/22/2015,https://profiles.looksharp.co/login
3/22/2015,https://id.looksharp.co/authorizations/new?client_id=7d6ecc6cbcda0587cfeb0edcd4db70da&nonce=f1703707fbbb633b5a6b13e8eaf8b17a&prompt=login&redirect_uri=https%3A%2F%2Fprofiles.looksharp.co%2Fopenid_connect&response_type=code&scope=openid+email+profile&state=f1703707fbbb633b5a6b13e8eaf8b17a
3/22/2015,https://profiles.looksharp.co/openid_connect?code=0361f60207820c0e2af0fd079736215585ae7de51b4661582a89b67575ef8aad&session_state=1107a8bc34e46ea4d53033f16274337c42abacdd8f813954da97ad1d4fbc7134.0baceaae048374309ef990a296110397&state=f1703707fbbb633b5a6b13e8eaf8b17a
3/22/2015,https://mail.google.com/mail/u/0/?pli=1#inbox/14c4352d851ab5b4
3/22/2015,https://www.google.com/webhp?sourceid=chrome-instant&ion=1&espv=2&ie=UTF-8#q=icca+2015+ann+arbor
3/22/2015,https://www.google.com/webhp?sourceid=chrome-instant&ion=1&espv=2&ie=UTF-8#q=icca%202015
3/22/2015,https://www.google.com/webhp?sourceid=chrome-instant&ion=1&espv=2&ie=UTF-8#q=icca+ann+arbor
3/22/2015,http://varsityvocals.com/events/icca-great-lakes/
3/22/2015,https://mail.google.com/mail/u/0/?pli=1#inbox/14c43a1070294d21
3/22/2015,https://mail.google.com/mail/u/0/?pli=1#starred
3/22/2015,https://mail.google.com/mail/u/0/?pli=1#search/mckinley/14bb7b36ed7233c2
3/22/2015,https://mail.google.com/mail/u/0/?pli=1#search/mmiranda%40mckinley.com
3/22/2015,https://mail.google.com/mail/u/0/?pli=1#search/mckinley
3/22/2015,http://fileinfo.com/extension/rgb
3/22/2015,https://www.google.com/webhp?sourceid=chrome-instant&ion=1&espv=2&ie=UTF-8#q=rgb%20file%20format
3/22/2015,https://mail.google.com/mail/u/0/?pli=1#inbox/14c43ab07235ab0f
3/22/2015,http://stackoverflow.com/questions/16636311/what-is-the-simplest-rgb-image-format
3/22/2015,https://mail.google.com/mail/u/0/?pli=1#label/Research/14bc7b3fcb4af1ec
3/22/2015,https://mail.google.com/mail/u/0/?pli=1#label/Research
3/22/2015,http://www.netflix.com/WiPlayer?movieid=80032026&trkid=13462100&tctx=-99%2C-99%2C56227a2f-3881-45de-ba73-9f99ad712626-5647108#episodeId=80032027&trackId=13589538
3/22/2015,https://ap-northeast-1.console.aws.amazon.com/ec2/v2/home?region=ap-northeast-1#Instances:
3/22/2015,https://signin.aws.amazon.com/oauth?SignatureVersion=4&X-Amz-Algorithm=AWS4-HMAC-SHA256&X-Amz-Credential=AKIAJAGUMTFT25MWTP6Q&X-Amz-Date=2015-03-23T01%3A05%3A42.653Z&X-Amz-Signature=ea5b05a8b437de577e81197cb0e1476afbf26c6bbcd818d5e85630df773cb1e6&X-Amz-SignedHeaders=host&client_id=arn%3Aaws%3Aiam%3A%3A015428540659%3Auser%2Fec2&redirect_uri=https%3A%2F%2Fap-northeast-1.console.aws.amazon.com%2Fec2%2Fv2%2Fhome%3Fregion%3Dap-northeast-1%26state%3DhashArgs%2523%26isauthcode%3Dtrue&region=ap-northeast-1&response_type=code&state=hashArgs%23
3/22/2015,https://ap-northeast-1.console.aws.amazon.com/ec2/v2/home?region=ap-northeast-1&state=hashArgs%23&isauthcode=true&code=-lazqLpZb5zOBTQ2LR699cydzNtyMWFCMGJkTPoMo25ierXgA2VAtDzReh3wIoLlWrWOYWsoF9Iik5odURZUlbinXk757vYPvfaqsF5pMhEMwnupBbusIUX31RYR_e0KzDsO-yihgekmUOEmq-qhEtnZJG59cQAwl0oP5ZGOFvDgIwTvPjr5QUu2ekcaz5Xe5qPTSshah4xDPSAErRn8HEHCpRapNrQajWoJM4Rl6mfwSeSleBtxhIE1m9r0_-WKuXf67haC3OXXSvJEKgNdOPl5qMq_XJ007OxOiOMza47S-SzZNyx9_tt7BBIToagr7qYaoMDaTp6DJrGI2bPMjQPIqj_kzknebpf8SJCDcxOmeZn--XHHIb6fDGPp-rXLghTRwC6KkmPoGGDOttHfj7UGLr2mWla3o5psxV-gCM2qUIKYLc7yh5Mk9hULY86v58hMqx9d7EeTznj46Zol1luiU_QHjilWhX1YlX7Z9-QWJuJp2AHJfBi47ajj0gEbeoeBzN2QiNvY3QtcWH6BbF30Fy4-bg1mRN83lDVYuvMitCTcxDcIB_tGP8xWqWiMAyX-SamVnzgz_Vx_ush18BAPqxb3UHsgQ5PJmzJMXbeLaiIzfCnp4stnNSLuYm64JNnEEWiM3oFo5XeEPFPSL4Q7TKu2oUWrrF8xcZ4Yw97RThPFOvtmRa_loWiymFfGk6MuOVpZ_tXAXKXjiQI0AswD-nOmfW0JMN7jp5mnMVic2PqYEKXBani0yXsmBU5Lu19ilpr8OoBQ52FAYFsvlsDjKAANzchb2c6bPHB8BTUoVyPwxxAVt-ZuN0my9fH9yJHOqW4VrnE4Rf8NAKHwUykUHAZNrcnCP0uHDoqiCB3DQY_F8w187vMw9tvtTiKk_gRYlqWuB70yBZuza9FqwIfcd2iIVUyJoTrgXqg14QyPVdeAhoz2e_-4HckcKnGke0n7R-PwQiGAJD7xujc8Y-oQBo0oQuqBauS7qtfuqP4Shh6y7kfa-tjVYME81rjUgMz59DyCzPjYFHQKuSPgEadyaZKt2tXj_867cBN3n6dbV8i7hbqr8Q_FDHKS3D4bB9UXIGjDRwebYuOucfthZvJ3bn2i62ctK7WeG39_-HsTUhf3vCBuezPk5hcTVYka3-QU5mVLp30soZPoBZsV-GtvbbjUh4DeeQ
3/22/2015,https://signin.aws.amazon.com/oauth?SignatureVersion=4&X-Amz-Algorithm=AWS4-HMAC-SHA256&X-Amz-Credential=AKIAJMOATPLHVSJ563XQ&X-Amz-Date=2015-03-23T01%3A05%3A37.845Z&X-Amz-Signature=6e015d02e717623afabcf5ea1ce38e38ca0b1fb0347ec95dafd29f983903c83d&X-Amz-SignedHeaders=host&client_id=arn%3Aaws%3Aiam%3A%3A015428540659%3Auser%2Fhomepage&nc2=h_m_mc&redirect_uri=https%3A%2F%2Fap-northeast-1.console.aws.amazon.com%2Fconsole%2Fhome%3Fnc2%3Dh_m_mc%26region%3Dap-northeast-1%26state%3DhashArgs%2523%26isauthcode%3Dtrue&region=ap-northeast-1&response_type=code&state=hashArgs%23
3/22/2015,https://ap-northeast-1.console.aws.amazon.com/console/home?nc2=h_m_mc&region=ap-northeast-1&state=hashArgs%23&isauthcode=true&code=yONVRPgy7QYt87zrCAO0bTisjtO_6UIhFe7IvhYc_WPzuuiKpgvLRo6zxrJtLVMJMsmj8Y1Os6FowG2e7bjnomCfHCGjEVUi9nK5pgkgxYCuKhqVxAuRNgJ0PkuMXWrlPpCuqNMwMrRnJEXH-YsJH1q4fo_o1CSoxFpKzV3D_cY12rPB4BJmpu0WOtXZqH0c1n6zitoanK5WSJR8eLA0r3pC8c4O8ZDLnSRi3USJEpTV3sIZkrSA4qST2xPM_zBDDyOcrvSYUlu0H0rPGuxu4ZVTFkJSPNuuGQuF2zsvWX60ymSovmupm9I7ojV4PVlYr6DkdZslCVwW4TWWaXNsqO9LFdH4ZZCURPFl1_Q7cGWv1dNNzlcHnKJizgMaNXBqaNC6ChS5Nxrwry9xpZ_V9AhbqUVDEkSzfRAZ3WD9s2FBO-bY8M2_nsjVj2TbM_314E0lVbtOp-eZ5bD9JePGgJXZkOHtnrmtlAr9gadTxahu9l5QdEhcTXJpqZicongum1GRHwttnOcuA-Yy1f31TAqDqd-KHOcUsSaglDKqauaG7yNYrN_bGn_WflR9i_XdE1fWtyQkxjwKLSvxoaabY4GtVH5pbfYqsLFf3_P3npFCYlpHeDPaj9ilE3xP2zT5zcOX0HWcrUxq76s0LHcAzQSzAt8_byMpjWl63vH98_OfJamsKQ7ynctLbYIJkfyVoz2IRkhraXgQbe9TnCebom4TADRLcYDQIKEtzoSPxPqucC3juu-eOfntv-h5QOQSSeT_i7mdmlOPnvFgCgyax77gHH76Wq87Q55KgfbVU3v6VJsDKnAyhcFHCQriy-_ekQhddqdZCFRQ2aQ4OVuzz-ifuhhzK7_SZup2CEwMB9hfW4vWNPjVjacBKIMBX8GYmp_2GqQi2x8U9WnStKaKpg6tN1YUM2vuJc0EZWa6HLvt1Bwl5QlHWk2-vhvsZO348j9Dx1LsGUeudiGWJ-bg--fZOGK2xFzcMK07Z6lkeTXyRVAP1qKmZR7EL3QQKtbXXwLR4YopdA5l-D8yWkMCbSYfOF5OFwgTjHR-cke2_p8ChpfxAyBRtnkmp1RnDEV7_ICXyudWpiKoLIhlXIFgazh6tYephYWOzMQ
3/22/2015,https://www.amazon.com/ap/signin?ie=UTF8&pf_rd_r=0PSV6PGDQJ6HHTD9GD1M&pf_rd_m=ATVPDKIKX0DER&pf_rd_t=6301&pf_rd_i=aws.ssop&pf_rd_p=1812789742&pf_rd_s=signin-slot
3/22/2015,https://console.aws.amazon.com/console/home?nc2=h_m_mc&state=hashArgs%23&isauthcode=true&code=fSYTU1340f3d9K-mRhEzD-JkLucPZsK1RlYa2xJk14UMkuCwtUZj7UzGU7LKGfL9esduE0Cc80Da3Z1AZtBnt4HbHgKYJTbb6ODFOyVi329LBo5A6nAEREHL4mQJ2UdVH2EssYJWEH2zrpikfsMhFrgg2iZCp8HQ-CZhZKEPNXLCYPVuejbJ7-wNsrugdMjhKOb_jLaZtS1o1gTINQEw1JSTbg_mtf8-74aeBYmdvFur0o4uUnfbkKRvbMO9W_ZJ2zCeCpC1wfbA9JOBbM78NRi5eLhSMgC-qNbwRmyaUl-Ktb4eYQjjIG5bES9AI0p9A5gBHD33U_g2BsWQWXiYMi8APPX2ZduCST1Mepl0olbDbQREcNJ-AxHeqtKnqq04cxGJQDx68bfVZ1X2DYTQDlaZpymFLP_KJ8OPNDHXV9XYC6g1wlE6fiR_SGoY_16lqtCtIJI-07MV7i1SsTmkMgZ4KrzxH6Up9HpLO14kDH-S7fOhSKBza2tq94R7iFtGXqPJ2H7LtM9_niPGp8_CwvZQ8bW2Dm82ciz6u019-pwZItLyGLCi_TM0b55NDwwmZtnXgaT6m20qPYet_6ihqjBKYbx9SGd8Prt_EoyIqyrJ6ToADZazEZpXLCX5Qhg9W9hFu_gAQc8IpKAKaSLdB39QjMjmsJHFLv5lv9_GDK1KpBSclB2LxivUmKoqxFtXwbAogsDaWYdsNv-DWj_pjogRSKUl9mH7Ofovvav3Sm_eVKC163uvLdGe63851yBSv2J_vGv44DhNibn2zaZEbT_L0N29rTKFugPAaUU2A4VdPc5qhcWB2818-sDgbSqjuNGuOfCloQDM-SuSxhwXtQonL_Z3awAcRX2H5kb22iz8VCX5lrEvfiGTmdlMsE40bsWjN0mfSqbUhAFY-8xfyrflyW7fwQS8MmeNlQLIgoYOnOwiEf6tit3hkRij1bva_daBe81JrgczB6GwVJUkoYgEAB70RDFstszajW1FzqtohYmqQ12vMRVEOMbRM2Uj0e0U1p1Fw0BtGFgMGlp8V4xgchL2WPx-wNEf4LyjjvEf5oOcvA
3/22/2015,https://signin.aws.amazon.com/oauth?SignatureVersion=4&X-Amz-Algorithm=AWS4-HMAC-SHA256&X-Amz-Credential=AKIAJMOATPLHVSJ563XQ&X-Amz-Date=2015-03-23T01%3A05%3A28.899Z&X-Amz-Signature=aede0dffb3b4d390a89596ee03eff388e3d82f80301a54fcc8947e9c2a2edf6a&X-Amz-SignedHeaders=host&client_id=arn%3Aaws%3Aiam%3A%3A015428540659%3Auser%2Fhomepage&nc2=h_m_mc&redirect_uri=https%3A%2F%2Fconsole.aws.amazon.com%2Fconsole%2Fhome%3Fnc2%3Dh_m_mc%26state%3DhashArgs%2523%26isauthcode%3Dtrue&response_type=code&state=hashArgs%23
3/22/2015,https://mail.google.com/mail/u/0/?pli=1#inbox?compose=14c442aff4b5412e
3/22/2015,https://mail.google.com/mail/u/0/?pli=1#inbox?compose=14c442aea4e6053c
3/22/2015,https://mail.google.com/mail/u/0/?pli=1#inbox?compose=new
3/22/2015,https://mail.google.com/mail/u/0/?pli=1#inbox?compose=14c442c07f54c122
3/22/2015,https://mail.google.com/mail/u/0/?pli=1#inbox?compose=14c442bb7211e708
3/22/2015,https://mail.google.com/mail/u/0/?pli=1#inbox?compose=14c442b857a2d320
3/22/2015,https://mail.google.com/mail/u/0/?pli=1#inbox?compose=14c442b4db63e378
3/22/2015,https://mail.google.com/mail/u/0/?pli=1#inbox?compose=14c442caaf147724
3/22/2015,https://mail.google.com/mail/u/0/?pli=1#inbox?compose=14c442c8c71bec78
3/22/2015,https://mail.google.com/mail/u/0/?pli=1#inbox?compose=14c442c344b142e8
3/22/2015,https://mail.google.com/mail/u/0/?pli=1#inbox?compose=14c442c22fdfac3d
3/22/2015,https://mail.google.com/mail/u/0/?pli=1#inbox?compose=14c442c11f55ff6b
3/22/2015,https://mail.google.com/mail/u/0/?pli=1#inbox?compose=14c442db1cccff1f
3/22/2015,https://mail.google.com/mail/u/0/?pli=1#inbox?compose=14c442d46d54e097
3/22/2015,http://www.netflix.com/WiPlayer?movieid=80032026&trkid=13462100&tctx=-99%2C-99%2C56227a2f-3881-45de-ba73-9f99ad712626-5647108#trackId=13589538&episodeId=80032028
3/22/2015,http://www.netflix.com/WiPlayer?movieid=80032026&trkid=13462100&tctx=-99%2C-99%2C56227a2f-3881-45de-ba73-9f99ad712626-5647108#trackId=13589538&episodeId=80032029
3/22/2015,http://www.netflix.com/WiPlayer?movieid=80032026&trkid=13462100&tctx=-99%2C-99%2C56227a2f-3881-45de-ba73-9f99ad712626-5647108#trackId=13589538
3/23/2015,https://na2.docusign.net/Member/EmailStart.aspx?a=3f8ebb41-f83f-43bb-8b3b-42cd6715e646&er=e14390ea-7719-4316-bfa9-4a57097ba5de
3/23/2015,https://na2.docusign.net/Member/EmailStart.aspx?a=3f8ebb41-f83f-43bb-8b3b-42cd6715e646&er=e14390ea-7719-4316-bfa9-4a57097ba5de&cookiecheck=1
3/23/2015,https://na2.docusign.net/Signing/EmailStart.aspx?a=3f8ebb41-f83f-43bb-8b3b-42cd6715e646&er=e14390ea-7719-4316-bfa9-4a57097ba5de&cookiecheck=1
3/23/2015,https://na2.docusign.net/Signing/ActivateStart.aspx?e=3f8ebb41-f83f-43bb-8b3b-42cd6715e646&er=e14390ea-7719-4316-bfa9-4a57097ba5de
3/23/2015,https://na2.docusign.net/Signing/EnvelopeReview.aspx?g=1&e=04e33c58-d297-4fa7-b496-da4a0bfcac09&a=01bae651-dc0a-444b-8c91-156d48952489&em=3f8ebb41-f83f-43bb-8b3b-42cd6715e646&r=e14390ea-7719-4316-bfa9-4a57097ba5de
3/23/2015,https://na2.docusign.net/Signing/?ti=698e25c7b2934bb5a1e5d5aa155f325d
3/23/2015,https://na2.docusign.net/Signing/PATRWindows/loading.html
3/23/2015,https://na2.docusign.net/Signing/AddDocWhileSigningPopup.aspx?pu=1&uploadonly=1&addedbyrecip=0&d=e566d18b-5757-4111-8f2f-5aaeb24aa233&tabid=b1357875-aeb7-4cb3-b7aa-4d6e0e60a575&tm=1427114417899&ti=698e25c7b2934bb5a1e5d5aa155f325d
3/23/2015,https://na2.docusign.net/Signing/SessionTimeout.aspx?ti=698e25c7b2934bb5a1e5d5aa155f325d&e=04e33c58-d297-4fa7-b496-da4a0bfcac09
3/23/2015,https://mail.google.com/mail/u/0/?pli=1#inbox/14c3d7db266ab0cd
3/23/2015,https://mail.google.com/mail/u/0/?pli=1#inbox/14c288d1e59679fd
3/23/2015,https://mail.google.com/mail/u/0/?pli=1#inbox/14c234d767b0978e
3/23/2015,https://mail.google.com/mail/u/0/?pli=1#label/Google+Docs
3/23/2015,http://dictionary.reference.com/browse/robust?s=t
3/23/2015,http://dictionary.reference.com/
3/23/2015,https://mail.google.com/mail/u/0/?pli=1#inbox/14c4709d2e8ee4b9?projector=1
3/23/2015,https://mail.google.com/mail/u/0/?pli=1#inbox/14c4709d2e8ee4b9
3/23/2015,https://mail.google.com/mail/u/0/?pli=1#inbox/14c433e8b4f97099
3/23/2015,https://mail.google.com/mail/u/0/?pli=1#inbox/14c4712617d46eb4
3/23/2015,https://mail.google.com/mail/u/0/?pli=1#inbox/14c470ee0ec6de62
3/23/2015,https://mail.google.com/mail/u/0/?pli=1#inbox/14c4723e0cb063a5
3/23/2015,https://mail.google.com/mail/u/0/?pli=1#inbox/14c4728a22b01ff1
3/23/2015,https://www.google.com/webhp?sourceid=chrome-instant&ion=1&espv=2&ie=UTF-8#q=open%20ppm%20on%20mac
3/23/2015,http://fileinfo.com/extension/ppm
3/23/2015,https://mail.google.com/mail/u/0/?pli=1#inbox/14c472eba3a23a56
3/23/2015,https://mail.google.com/mail/u/0/?pli=1#inbox/14bb7b36ed7233c2
3/23/2015,https://www.surveymonkey.com/s.aspx?sm=ZfNUf6SmThSJC7QLx3PPeg_3d_3d
3/23/2015,https://mail.google.com/mail/u/0/?pli=1#inbox/14c473051dcdc934
3/23/2015,https://www.surveymonkey.com/s.aspx?sm=ZfNUf6SmThSJC7QLx3PPeg%3d%3d
3/23/2015,https://www.surveymonkey.com/survey-thanks/?sm=vLJOBA88SxsG03Xlwc41z4xUNJyN1LehNBchd485kb8%3d
3/23/2015,http://static.googleusercontent.com/external_content/untrusted_dlcp/research.google.com/en/us/archive/spanner-osdi2012.pdf
3/23/2015,https://mail.google.com/mail/u/0/?pli=1#inbox/14c4775fc5b698e0
3/23/2015,https://mail.google.com/mail/u/0/?pli=1#inbox/14c44086040c4557
3/23/2015,https://mail.google.com/mail/u/0/?pli=1#inbox/14c479c0f1dc756f
3/23/2015,https://mail.google.com/mail/u/0/?pli=1#inbox/14c3d00bc95fedb7
3/23/2015,https://mail.google.com/mail/u/0/?pli=1#inbox/14c47a4aa463bcc7
3/23/2015,http://sigops.org/sosp/sosp11/current/2011-Cascais/printable/28-lloyd.pdf
3/23/2015,"https://www.google.com/maps/place/School+of+Education/@42.274018,-83.736026,15z/data=!4m2!3m1!1s0x0:0x5ff4a9ebdb5b46d5"
3/23/2015,"https://www.google.com/maps/place/university+of+michigan+school+of+education/@42.274018,-83.736026,15z/data=!4m2!3m1!1s0x0:0x5ff4a9ebdb5b46d5?sa=X&ei=dlAQVb6HAonwUKeUgsgI&ved=0CHoQ_BIwDg"
3/23/2015,https://www.google.com/webhp?sourceid=chrome-instant&ion=1&espv=2&ie=UTF-8#q=university%20of%20michigan%20school%20of%20education
3/23/2015,https://talkgadget.google.com/u/0/talkgadget/_/chat?client=sm&prop=gmail&nav=true&fid=gtn-roster-iframe-id&os=MacIntel&stime=1426710705066&xpc=%7B%22cn%22%3A%2259ca0q%22%2C%22tp%22%3A1%2C%22ifrid%22%3A%22gtn-roster-iframe-id%22%2C%22pu%22%3A%22https%3A%2F%2Ftalkgadget.google.com%2Fu%2F0%2Ftalkgadget%2F_%2F%22%7D&ec=%5B%22ci%3Aec%22%2Ctrue%2Ctrue%2Cfalse%5D&pvt=AMP3uWbkQ6zlb1s6wg55KAK01hLR9148OSFFwzve9L8EWQXBZmhlIadl--mRzV6iLg_U25UoH4WwMxphTpvxjHV887ig1lL9NA%3D%3D&href=https%3A%2F%2Fmail.google.com%2F_%2Fscs%2Fmail-static%2F_%2Fjs%2Fk%3Dgmail.main.en.6TpwuIJl04A.O%2Fm%3Dm_i%2Ct%2Cit%2Fam%3DPiMaYf7v_UGMM2SXPlD377_fXdL87PP4_94EkOwogP-b_T-I_wP76QsJ%2Frt%3Dh%2Fd%3D1%2Ft%3Dzcms%2Frs%3DAHGWq9BBsPy0mNsSKUQ9Nk8EYPpG7MxG5Q%3Frel%3D1&pos=l&uiv=2&hl=en&hpc=true&hsm=true&hrc=true&uqp=false&gooa=true&gltsi=false&gusm=true&sl=false&hs=%5B%22h_hs%22%2Cnull%2Cnull%2C%5B1%2C2%5D%5D&moleh=380&mmoleh=36&two=https%3A%2F%2Fmail.google.com&host=1&zx=0.2450529132038355
3/23/2015,https://www.google.com/calendar/render#main_7%7Cmonth-3+23194+23238+23201
3/23/2015,https://www.google.com/calendar/render#main_7%7Cmonth-3+23165+23202+23169
3/23/2015,https://www.google.com/calendar/render#main_7%7Cmonth
3/23/2015,https://www.google.com/calendar/render#main_7
3/23/2015,https://www.google.com/calendar
3/23/2015,https://www.google.com/calendar/render
3/23/2015,https://www.google.com/webhp?sourceid=chrome-instant&ion=1&espv=2&ie=UTF-8#q=calendar
3/23/2015,https://mail.google.com/mail/u/0/?pli=1#inbox/14c47c6281e84e57?compose=14c47cc628a32599
3/23/2015,https://mail.google.com/mail/u/0/?pli=1#inbox/14c47c6281e84e57?compose=14c47cc3f9af39ac
3/23/2015,https://mail.google.com/mail/u/0/?pli=1#inbox/14c47c6281e84e57?compose=14c47cc35c2fc670
3/23/2015,https://mail.google.com/mail/u/0/?pli=1#inbox/14c47c6281e84e57?compose=new
3/23/2015,https://mail.google.com/mail/u/0/?pli=1#inbox/14c47c6281e84e57?compose=14c47cce8a17045a
3/23/2015,https://mail.google.com/mail/u/0/?pli=1#inbox/14c47c6281e84e57?compose=14c47ccd8300e20a
3/23/2015,https://mail.google.com/mail/u/0/?pli=1#inbox/14c47c6281e84e57?compose=14c47cc884f502c8
3/23/2015,https://mail.google.com/mail/u/0/?pli=1#inbox/14c47cdc35df9eec?compose=14c47ce04fb457f0
3/23/2015,https://mail.google.com/mail/u/0/?pli=1#inbox?compose=14c47cde47bfcc53
3/23/2015,https://mail.google.com/mail/u/0/?pli=1#inbox/14c47c6281e84e57?compose=14c47cde47bfcc53
3/23/2015,https://mail.google.com/mail/u/0/?pli=1#inbox/14c47c6281e84e57?compose=14c47cd97f0f9f02
3/23/2015,https://mail.google.com/mail/u/0/?pli=1#inbox/14c47c6281e84e57?compose=14c47cd669ca09ed
3/23/2015,https://mail.google.com/mail/u/0/?pli=1#inbox/14c47c6281e84e57?compose=14c47ce04fb457f0
3/23/2015,https://mail.google.com/mail/u/0/?pli=1#inbox/14c47c6281e84e57?compose=14c47d002d62148c
3/23/2015,https://mail.google.com/mail/u/0/?pli=1#inbox/14c47c6281e84e57?compose=14c47d078c34ccb9
3/23/2015,https://mail.google.com/mail/u/0/?pli=1#inbox/14c47c6281e84e57?compose=14c47d06b9bfb19e
3/23/2015,https://mail.google.com/mail/u/0/?pli=1#inbox/14c47c6281e84e57?compose=14c47d02fc4a7f4b
3/23/2015,https://mail.google.com/mail/u/0/?pli=1#inbox/14c47c6281e84e57?compose=14c47d0192bd3469
3/23/2015,https://mail.google.com/mail/u/0/?pli=1#inbox/14c47c6281e84e57
3/23/2015,https://mail.google.com/mail/u/0/?pli=1#inbox/14c47c6281e84e57?compose=14c47d10563e3761
3/23/2015,https://mail.google.com/mail/u/0/?pli=1#inbox/14c47d20fcecfa23
3/23/2015,https://mail.google.com/mail/u/0/?pli=1#inbox?compose=14c47ce04fb457f0
3/23/2015,https://shibboleth.umich.edu/idp/profile/SAML2/Redirect/SSO?SAMLRequest=fVLJTsMwEL0j8Q%2BW79lakJDVBBUQohJLRFMO3Fxnkhi8BI%2Fdwt%2BTpkXAAa7Pb94yntn5u1ZkAw6lNTnN4pQSMMLW0rQ5XVXX0Rk9L46PZsi16tk8%2BM48wlsA9GSYNMjGh5wGZ5jlKJEZrgGZF2w5v7tlkzhlvbPeCqsoWVzlFEDapuf2BfiLUJKrWsD6telbo3W31nXXClWv%2B46Sp69Yk12sBWKAhUHPjR%2BgNDuN0mk0mVbZGZuesDR9pqQ8OF1Is2%2FwX6z1noTspqrKqHxYVqPARtbg7gd2TltrWwWxsHpnX3JEuRnghisESuaI4PwQ8NIaDBrcEtxGClg93ua0875HliTb7Tb%2Blkl4ErQUXQx1SLhAWoyLZWM392Oj%2FyfnX860%2BNaeJT%2BkisOH7XosrkqrpPggc6Xs9tIB90MJ78LQ4do6zf3fblmcjYiso2aksmCwByEbCTUlSbF3%2FX0Zw718Ag%3D%3D&RelayState=https%3A%2F%2Faccounts.google.com%2FCheckCookie%3Fcontinue%3Dhttps%253A%252F%252Fmail.google.com%252Fmail%252F%26osid%3D1%26service%3Dmail%26ss%3D1%26ltmpl%3Ddefault
3/23/2015,https://accounts.google.com/MergeSession?uberauth=APh-3Fyy7FaQ-bAJwUj2lgxl0GaFNZ696YqoPchtJNGvwyS4ZuhSiCebvXia8qHrYyqwRpkeqEt7gnVQ3nP6io7KE0Z-HYx_6uJ5GewzTaAJUazV9Y6pc7KbTHVDxA5ajBjQtFhlXuoxeaubg2JZazKA9o1zJmDM-WUDnePx6yuHF9VTxcdcO3Wx-45YcVf0QIkGP6YH7LokE8MdCib882_pqIMKL-xTQ_83H-PKar0FiKhy8ALLzstsYGVreIVAChQasdFdfCPtBnrhwroKY2B2yDvSh1huMjZneLOgjHChwX3g3lUWgNs68S36XhsYrP7Tg-VRNPFdgN3gZm6m502YtXS2WYmiSi2ob8vJLXy2L04DXXTuZLFhaYME9ghsGO7gEPZblVexMNI7PPwOMUmWUHNX-Olay4ch189kIKcVZCeME2jAfSiHC-daanpYCocDfmu6tbABm8ik-bkHaxDJs0X575LUyt1h0-z8lwMezu0AqVVCcOuwaCkmURd8mfBcjUSbWxjMmWCQLdSbZhQ_b4sfBHhivQ&service=mail&continue=https%3A%2F%2Fmail.google.com%2Fmail%2F&osid=1
3/23/2015,https://mail.google.com/accounts/SetOSID?authuser=0&continue=https%3A%2F%2Fmail.google.com%2Fmail%2F%3Fauth%3DDQAAAOIAAABRX47jveLQpmuK3p3USWTSfoueQJLnaYhbuex2Z1DOvMFoGEMn_mbHm1G0SZp8MjzvA7mbrLOhVXtlzmEu73t9Pwv09HTbSLxeFG_RwI2XcPKx686eAWDG0qcA3iw2X7aWokf7YzdpbVxYLs98zkL_YQyJ8JnZ1shhyVDf9rSfyUZJ6IVRI84k6q8Lqs_ZumRU-hChcIC9x0NTFyuR0qOm_RKRO2_YxgaLeJIyskaJlVFDVStkkvos9Zf3kyJTVVgsN_9hppqYzY1bOQbImNcnjWzpaXNSNApsJwjXP0Inzl1oo-GMz0Oy68-HlDmdfaM&osidt=ALWU2cvwC2c5O-90SC8tRFB9XXwgSquoNsIDFwnOlSyY2YL43eG4NU-EAgKiwcTPHUWWt0m1SDLRe2HlB_8wJniciSxKpmFTt0FEVjSCFoNVPw6r9bFAzisyVYtdsK9TBfRUXPuzLipkCAJnDq1EnWJWwTVlRagxW9qO0iMkvJO1yWytZEK7Z9JjSaGZ2-Quym8pP9n58H5wRNbPUTiAL-Iifs0gFYqlz9t5V9K8pn5gyzQhQ-jSCnnJG0JNpYtqN9VwXKvwMadiUbD9kSj_1mihgaslyHNKQR_2v0-Ex856V9nBgD8x94bX7QPMfDB3d8J2P57S21B7kda5kGv_15r9JaTwd-scGtWsXUAKUVknOgDXdwInngE
3/23/2015,https://mail.google.com/mail/?auth=DQAAAOIAAABRX47jveLQpmuK3p3USWTSfoueQJLnaYhbuex2Z1DOvMFoGEMn_mbHm1G0SZp8MjzvA7mbrLOhVXtlzmEu73t9Pwv09HTbSLxeFG_RwI2XcPKx686eAWDG0qcA3iw2X7aWokf7YzdpbVxYLs98zkL_YQyJ8JnZ1shhyVDf9rSfyUZJ6IVRI84k6q8Lqs_ZumRU-hChcIC9x0NTFyuR0qOm_RKRO2_YxgaLeJIyskaJlVFDVStkkvos9Zf3kyJTVVgsN_9hppqYzY1bOQbImNcnjWzpaXNSNApsJwjXP0Inzl1oo-GMz0Oy68-HlDmdfaM&authuser=0
3/23/2015,https://mail.google.com/mail/u/0/?auth=DQAAAOIAAABRX47jveLQpmuK3p3USWTSfoueQJLnaYhbuex2Z1DOvMFoGEMn_mbHm1G0SZp8MjzvA7mbrLOhVXtlzmEu73t9Pwv09HTbSLxeFG_RwI2XcPKx686eAWDG0qcA3iw2X7aWokf7YzdpbVxYLs98zkL_YQyJ8JnZ1shhyVDf9rSfyUZJ6IVRI84k6q8Lqs_ZumRU-hChcIC9x0NTFyuR0qOm_RKRO2_YxgaLeJIyskaJlVFDVStkkvos9Zf3kyJTVVgsN_9hppqYzY1bOQbImNcnjWzpaXNSNApsJwjXP0Inzl1oo-GMz0Oy68-HlDmdfaM&authuser=0
3/23/2015,https://shibboleth.umich.edu/cosign/valid?cosign-shibboleth.umich.edu=jjwGppBwU+nQy-U9jnj2oLNTPdGcbEL04VTq9sSmZaZW+MJ3szxuEYppdbEeW1qnQaE9wE53boYz5A+z4Y7rW9xehPB5xXfllK2rkjg1H3LoQlJp8+KCeA9R16NZ&https://shibboleth.umich.edu/idp/Authn/UWLogin
3/23/2015,https://mail.google.com/mail/u/1/#inbox/14c480f8ff6eb1aa
3/23/2015,https://mail.google.com/mail/u/0/#inbox/14c47cdc35df9eec
3/23/2015,https://ap-northeast-1.console.aws.amazon.com/ec2/v2/home?region=ap-northeast-1&state=hashArgs%23Instances%3Asort%3DinstanceId
3/23/2015,https://www.amazon.com/ap/signin?openid.assoc_handle=aws&openid.return_to=https%3A%2F%2Fsignin.aws.amazon.com%2Foauth%3Fresponse_type%3Dcode%26client_id%3Darn%253Aaws%253Aiam%253A%253A015428540659%253Auser%252Fec2%26redirect_uri%3Dhttps%253A%252F%252Fap-northeast-1.console.aws.amazon.com%252Fec2%252Fv2%252Fhome%253Fregion%253Dap-northeast-1%2526state%253DhashArgs%252523Instances%25253Asort%25253DinstanceId%2526isauthcode%253Dtrue%26noAuthCookie%3Dtrue&openid.mode=checkid_setup&openid.ns=http%3A%2F%2Fspecs.openid.net%2Fauth%2F2.0&openid.identity=http%3A%2F%2Fspecs.openid.net%2Fauth%2F2.0%2Fidentifier_select&openid.claimed_id=http%3A%2F%2Fspecs.openid.net%2Fauth%2F2.0%2Fidentifier_select&action=&disableCorpSignUp=&clientContext=&marketPlaceId=&poolName=&authCookies=&pageId=aws.ssop&siteState=registered%2Cen_us&accountStatusPolicy=P1&sso=&openid.pape.preferred_auth_policies=MultifactorPhysical&openid.pape.max_auth_age=120&openid.ns.pape=http%3A%2F%2Fspecs.openid.net%2Fextensions%2Fpape%2F1.0&server=%2Fap%2Fsignin%3Fie%3DUTF8&accountPoolAlias=&forceMobileApp=0&forceMobileLayout=0
3/23/2015,https://signin.aws.amazon.com/oauth?SignatureVersion=4&X-Amz-Algorithm=AWS4-HMAC-SHA256&X-Amz-Credential=AKIAJAGUMTFT25MWTP6Q&X-Amz-Date=2015-03-23T21%3A39%3A31.649Z&X-Amz-Signature=12f37d81eade5102a859482518a76efcf6b3ad0e6a31fd8910503b1b38c5b665&X-Amz-SignedHeaders=host&client_id=arn%3Aaws%3Aiam%3A%3A015428540659%3Auser%2Fec2&redirect_uri=https%3A%2F%2Fap-northeast-1.console.aws.amazon.com%2Fec2%2Fv2%2Fhome%3Fregion%3Dap-northeast-1%26state%3DhashArgs%2523Instances%253Asort%253DinstanceId%26isauthcode%3Dtrue&region=ap-northeast-1&response_type=code&state=hashArgs%23Instances%3Asort%3DinstanceId
3/23/2015,https://mail.google.com/mail/u/0/#search/exam+2/14c288d1e59679fd
3/23/2015,https://mail.google.com/mail/u/0/#search/exam+2
3/23/2015,https://mail.google.com/mail/u/0/#search/exam+2/14c3ea3a830ce5f7
3/23/2015,https://mail.google.com/mail/u/0/#inbox?compose=14c489856682c2db
3/23/2015,https://mail.google.com/mail/u/0/#inbox?compose=14c48982f165fc1c
3/23/2015,https://mail.google.com/mail/u/0/#inbox?compose=14c48980861b83f8
3/23/2015,https://mail.google.com/mail/u/0/#inbox?compose=14c4897d1ce67382
3/23/2015,http://www.netflix.com/WiPlayer?movieid=80032029&trkid=13462100&tctx=-99%2C-99%2C4f18a620-8b09-42fe-bc7f-c5a8267fcae2-144231927
3/23/2015,https://mail.google.com/mail/u/0/#inbox?compose=14c4898ef94c6ec5
3/23/2015,https://mail.google.com/mail/u/0/#inbox?compose=14c4898c7e52680c
3/23/2015,https://mail.google.com/mail/u/0/#inbox?compose=14c4898b6000a92b
3/23/2015,https://mail.google.com/mail/u/0/#inbox?compose=14c4898a5c01a487
3/23/2015,https://mail.google.com/accounts/SetOSID?continue=https%3A%2F%2Fmail.google.com%2Fmail%2F%3Fpli%3D1%26auth%3DDQAAAOEAAABRX47jveLQpmuK3p3USWTSjy8GoZRuNWAUCW339GZ2qVW_-zZEZnw93GQs-XpTI46qUQQ50YnoOY64xWfgH1ww2Iz3wdm10ZKgyWlWFFPcBeSs938_ssTYHdYvadrO2uGL5ejbHf3XkdANjwwiaGeDDNdnzMUZOnHkIiLgSHRUirJP9Aoqq2EoQLSIYdne79txdPqpxnpt-BPW0S-nYmrXmrAqnqqz13ujrQd6SUFjuA1f61G2XF9tH891Gu-0uWSwxEhvKFX9deH9DQtYY0ho-h-v48A_zVkhzgCeFuZzeywPLBLXpAZ7r0kflFookmk&osidt=ALWU2cs9-s9oAjrdq9SJbY4Uj0uvn0lBx7op9uvWOwFo3pQgD2JI_EE8LOCX9kxcoNd00aEYRDU7SAdmIEQvzBdRzKKNDGNIFYFdzGhJCC8zkRiZhkt0hxG-NV6Z9d_0rEOIxcxAkq0pFjJtD4vKp52PyLOYr5k8xFEeJiI5WxnnPMG8ByB4Kg6oF91zM6T1kVd1UImWStSd0Nv1MICQ7Y8kKmMNAr4FQmcRFiOxFJeovWUFBwKbHQFI14lDa-ffFAP3Y3-J_JRqu9iEqMOGBfTC6pqIlJiYHaAT9VMXSTMr_1y2Iw17zmaDQi_qODv8fpBPWqnAnR245jY8yjT5tLWLuESvbWKmpJlaund-cQDiutiZTkgotcs
3/23/2015,https://mail.google.com/mail/?pli=1&auth=DQAAAOEAAABRX47jveLQpmuK3p3USWTSjy8GoZRuNWAUCW339GZ2qVW_-zZEZnw93GQs-XpTI46qUQQ50YnoOY64xWfgH1ww2Iz3wdm10ZKgyWlWFFPcBeSs938_ssTYHdYvadrO2uGL5ejbHf3XkdANjwwiaGeDDNdnzMUZOnHkIiLgSHRUirJP9Aoqq2EoQLSIYdne79txdPqpxnpt-BPW0S-nYmrXmrAqnqqz13ujrQd6SUFjuA1f61G2XF9tH891Gu-0uWSwxEhvKFX9deH9DQtYY0ho-h-v48A_zVkhzgCeFuZzeywPLBLXpAZ7r0kflFookmk
3/23/2015,https://mail.google.com/mail/u/0/?pli=1&auth=DQAAAOEAAABRX47jveLQpmuK3p3USWTSjy8GoZRuNWAUCW339GZ2qVW_-zZEZnw93GQs-XpTI46qUQQ50YnoOY64xWfgH1ww2Iz3wdm10ZKgyWlWFFPcBeSs938_ssTYHdYvadrO2uGL5ejbHf3XkdANjwwiaGeDDNdnzMUZOnHkIiLgSHRUirJP9Aoqq2EoQLSIYdne79txdPqpxnpt-BPW0S-nYmrXmrAqnqqz13ujrQd6SUFjuA1f61G2XF9tH891Gu-0uWSwxEhvKFX9deH9DQtYY0ho-h-v48A_zVkhzgCeFuZzeywPLBLXpAZ7r0kflFookmk
3/23/2015,http://www.netflix.com/WiPlayer?movieid=80032029&trkid=13462100&tctx=-99%2C-99%2C4f18a620-8b09-42fe-bc7f-c5a8267fcae2-144231927#episodeId=80032030&trackId=13589538
3/23/2015,http://www.netflix.com/WiPlayer?movieid=80032029&trkid=13462100&tctx=-99%2C-99%2C4f18a620-8b09-42fe-bc7f-c5a8267fcae2-144231927#episodeId=80032030
3/23/2015,http://www.netflix.com/WiPlayer?movieid=80032029&trkid=13462100&tctx=-99%2C-99%2C4f18a620-8b09-42fe-bc7f-c5a8267fcae2-144231927#trackId=13589538&episodeId=80032031
3/23/2015,https://mail.google.com/mail/u/0/#inbox/14c48b18505e5a13
3/23/2015,https://ctools.umich.edu/cosign/valid?cosign-ctools=GUBjpg+LqIQTe0mxs1arY-WAd-4QRjFd723PIz8E9o9ODMneaOOpOYg7KdazujTSn-XL83XpMxJfi9vpn-Xwo+OCu7KQsCAFtv7ojO1+RWq0lBWnWfQbmQX4ujsa&https://ctools.umich.edu/sakai-login-tool/container
3/23/2015,https://ctools.umich.edu/portal/tool/52ae59f7-8c84-4f82-b855-1508720191a4/roster
3/23/2015,https://mail.google.com/mail/u/0/#inbox/14c491bcd48e8a81
3/23/2015,https://mail.google.com/mail/u/0/#inbox/14c491af76ea162c
3/23/2015,https://mail.google.com/mail/u/0/#inbox/14c47a4aa463bcc7
3/23/2015,https://mail.google.com/mail/u/0/#inbox/14c49089629e7825
3/23/2015,https://www.google.com/webhp?sourceid=chrome-instant&ion=1&espv=2&ie=UTF-8#q=keynote%20smartquotes
3/23/2015,http://apple.stackexchange.com/questions/40215/how-can-i-dynamically-choose-smart-or-non-smart-quotes
3/23/2015,https://mail.google.com/mail/u/0/#section_query/in%3Ainbox/14c46b05e3637827?projector=1
3/23/2015,https://mail.google.com/mail/u/0/#section_query/in%3Ainbox
3/23/2015,https://mail.google.com/mail/u/0/#section_query/in%3Ainbox/14c46b05e3637827
3/23/2015,http://www.netflix.com/WiPlayer?movieid=80032029&trkid=13462100&tctx=-99%2C-99%2C4f18a620-8b09-42fe-bc7f-c5a8267fcae2-144231927#trackId=13589538&episodeId=80032032
3/23/2015,http://www.netflix.com/WiPlayer?movieid=80032029&trkid=13462100&tctx=-99%2C-99%2C4f18a620-8b09-42fe-bc7f-c5a8267fcae2-144231927#trackId=13589538&episodeId=80032033
3/23/2015,https://docs.google.com/a/umich.edu/document/d/1ggwYRYFhYbN_VUOlwaIJ0Jg4vXat8-saBJeqM0AAew4/edit
3/23/2015,https://docs.google.com/a/umich.edu/document/d/1ggwYRYFhYbN_VUOlwaIJ0Jg4vXat8-saBJeqM0AAew4/edit?usp=drive_web
3/23/2015,https://docs.google.com/a/umich.edu/document/d/1ggwYRYFhYbN_VUOlwaIJ0Jg4vXat8-saBJeqM0AAew4/edit#heading=h.o0eg636vf5dw
3/23/2015,https://www.google.com/url?q=https%3A%2F%2Fgithub.com%2Feecs183%2Fmicro-arcade-w15%23arduino-micro-arcade&sa=D&sntz=1&usg=AFQjCNHOzJeVqdB6OP0-Dsuko87NyL06tg
3/23/2015,https://mail.google.com/mail/u/0/#search/16x32/14be21c8013d8193
3/23/2015,https://mail.google.com/mail/u/0/#search/16
3/23/2015,http://www.adafruit.com/product/420
3/23/2015,http://www.amazon.com/E-Projects-Ohm-Resistors-Watt-Pieces/dp/B00BVYB1N4/ref=sr_1_1?ie=UTF8&qid=1425427083&sr=8-1&keywords=1k+resistor
3/23/2015,http://smile.amazon.com/E-Projects-Ohm-Resistors-Watt-Pieces/dp/B00BVYB1N4/ref=smi_www_rco2_go_smi_2054712102?ie=UTF8&keywords=1k%2520resistor&qid=1425427083&sr=8%2d1
3/23/2015,http://www.amazon.com/dp/B008DF9LFO/ref=cm_sw_su_dp
3/23/2015,http://www.amazon.com/dp/B008420U92/ref=cm_sw_su_dp
3/23/2015,http://www.amazon.com/dp/B008A9UORM/ref=cm_sw_su_dp
3/23/2015,http://www.bestbuy.com/
3/23/2015,https://www.google.com/webhp?sourceid=chrome-instant&ion=1&espv=2&ie=UTF-8#q=best%20buy
3/23/2015,http://www.bestbuy.com/site/searchpage.jsp?st=16x32+RGB+display&_dyncharset=UTF-8&id=pcat17071&type=page&sc=Global&cp=1&nrp=15&sp=&qp=&list=n&iht=y&usc=All+Categories&ks=960&keys=keys
3/23/2015,https://www.adafruit.com/products/276
3/23/2015,http://www.radioshack.com/dantona-3-7v-700mah-li-poly-battery-for-microsoft-zune-hd/55040557.html#.VRDFrZPF8uE
3/23/2015,http://www.radioshack.com/search?q=16x32
3/23/2015,http://www.radioshack.com/dantona-3-7v-700mah-li-poly-battery-for-microsoft-zune-hd/55040557.html
3/23/2015,http://www.radioshack.com/search?q=display+board
3/23/2015,https://mail.google.com/mail/u/0/#search/16x32
3/23/2015,http://www.netflix.com/WiPlayer?movieid=80032029&trkid=13462100&tctx=-99%2C-99%2C4f18a620-8b09-42fe-bc7f-c5a8267fcae2-144231927#trackId=13589538&episodeId=80032034
3/23/2015,https://mail.google.com/mail/u/0/#inbox/14c3d00bc95fedb7
3/23/2015,https://mail.google.com/mail/u/0/#inbox/14c49ced0bf428a4
3/23/2015,https://mail.google.com/mail/u/0/#inbox/14c49d024069dd8f?compose=14c49dbb152d7658
3/23/2015,https://mail.google.com/mail/u/0/#inbox/14c49d024069dd8f?compose=14c49db9941309c4
3/23/2015,https://mail.google.com/mail/u/0/#inbox/14c49d024069dd8f?compose=new
3/23/2015,https://mail.google.com/mail/u/0/#inbox/14c49d024069dd8f?compose=14c49dc73f0c0ed1
3/23/2015,https://mail.google.com/mail/u/0/#inbox/14c49d024069dd8f?compose=14c49dc1e7c67726
3/23/2015,https://mail.google.com/mail/u/0/#inbox/14c49d024069dd8f?compose=14c49dc08d0a8ca6
3/23/2015,https://mail.google.com/mail/u/0/#inbox/14c49d024069dd8f?compose=14c49dbf91ef8bd8
3/24/2015,https://talkgadget.google.com/u/0/talkgadget/_/chat?client=sm&prop=gmail&nav=true&fid=gtn-roster-iframe-id&os=MacIntel&stime=1426710705066&xpc=%7B%22cn%22%3A%2259ca0q%22%2C%22tp%22%3A1%2C%22ifrid%22%3A%22gtn-roster-iframe-id%22%2C%22pu%22%3A%22https%3A%2F%2Ftalkgadget.google.com%2Fu%2F0%2Ftalkgadget%2F_%2F%22%7D&ec=%5B%22ci%3Aec%22%2Ctrue%2Ctrue%2Cfalse%5D&pvt=AMP3uWbkQ6zlb1s6wg55KAK01hLR9148OSFFwzve9L8EWQXBZmhlIadl--mRzV6iLg_U25UoH4WwMxphTpvxjHV887ig1lL9NA%3D%3D&href=https%3A%2F%2Fmail.google.com%2F_%2Fscs%2Fmail-static%2F_%2Fjs%2Fk%3Dgmail.main.en.6TpwuIJl04A.O%2Fm%3Dm_i%2Ct%2Cit%2Fam%3DPiMaYf7v_UGMM2SXPlD377_fXdL87PP4_94EkOwogP-b_T-I_wP76QsJ%2Frt%3Dh%2Fd%3D1%2Ft%3Dzcms%2Frs%3DAHGWq9BBsPy0mNsSKUQ9Nk8EYPpG7MxG5Q%3Frel%3D1&pos=l&uiv=2&hl=en&hpc=true&hsm=true&hrc=true&uqp=false&gooa=true&gltsi=false&gusm=true&sl=false&hs=%5B%22h_hs%22%2Cnull%2Cnull%2C%5B1%2C2%5D%5D&moleh=380&mmoleh=36&two=https%3A%2F%2Fmail.google.com&host=1&zx=0.9208436962217093
3/24/2015,https://plus.google.com/u/0/_/notifications/frame?sourceid=23&hl=en&origin=https%3A%2F%2Fmail.google.com&uc=1&jsh=m%3B%2F_%2Fscs%2Fabc-static%2F_%2Fjs%2Fk%3Dgapi.gapi.en.DpbM-BtxMjs.O%2Fm%3D__features__%2Fam%3DAAQ%2Frt%3Dj%2Fd%3D1%2Frs%3DAItRSTM3UB5dHgm_CutMnDlOFNkNRC36yg&zx=95qmv6jsw5di#pid=23&rpctoken=211975021&_methods=onError%2ConInfo%2ChideNotificationWidget%2CpostSharedMessage%2Creauth%2CsetNotificationWidgetHeight%2CsetNotificationWidgetSize%2CswitchTo%2CnavigateTo%2CsetNotificationText%2CsetNotificationAnimation%2CgetNotificationText%2C_ready%2C_close%2C_open%2C_resizeMe%2C_renderstart&id=I2_1426710707876&parent=https%3A%2F%2Fmail.google.com&pfname=
3/24/2015,https://plus.google.com/u/0/_/notifications/frame?sourceid=10&hl=en&origin=https%3A%2F%2Fbooks.google.com&uc=1&jsh=m%3B%2F_%2Fscs%2Fabc-static%2F_%2Fjs%2Fk%3Dgapi.gapi.en.DpbM-BtxMjs.O%2Fm%3D__features__%2Fam%3DAAQ%2Frt%3Dj%2Fd%3D1%2Frs%3DAItRSTM3UB5dHgm_CutMnDlOFNkNRC36yg&zx=st6fz4dy4qh4#pid=10&rpctoken=120054307&_methods=onError%2ConInfo%2ChideNotificationWidget%2CpostSharedMessage%2Creauth%2CsetNotificationWidgetHeight%2CsetNotificationWidgetSize%2CswitchTo%2CnavigateTo%2CsetNotificationText%2CsetNotificationAnimation%2CgetNotificationText%2C_ready%2C_close%2C_open%2C_resizeMe%2C_renderstart&id=I1_1426188146672&parent=https%3A%2F%2Fbooks.google.com&pfname=
3/24/2015,https://plus.google.com/u/0/_/notifications/frame?sourceid=10&hl=en&origin=https%3A%2F%2Fbooks.google.com&uc=1&jsh=m%3B%2F_%2Fscs%2Fabc-static%2F_%2Fjs%2Fk%3Dgapi.gapi.en.DpbM-BtxMjs.O%2Fm%3D__features__%2Fam%3DAAQ%2Frt%3Dj%2Fd%3D1%2Frs%3DAItRSTM3UB5dHgm_CutMnDlOFNkNRC36yg&zx=te6htisoy7u6#pid=10&rpctoken=120054307&_methods=onError%2ConInfo%2ChideNotificationWidget%2CpostSharedMessage%2Creauth%2CsetNotificationWidgetHeight%2CsetNotificationWidgetSize%2CswitchTo%2CnavigateTo%2CsetNotificationText%2CsetNotificationAnimation%2CgetNotificationText%2C_ready%2C_close%2C_open%2C_resizeMe%2C_renderstart&id=I1_1426188146672&parent=https%3A%2F%2Fbooks.google.com&pfname=
3/24/2015,https://plus.google.com/u/0/_/notifications/frame?sourceid=243&hl=en&origin=https%3A%2F%2Fwww.google.com&uc=1&jsh=m%3B%2F_%2Fscs%2Fabc-static%2F_%2Fjs%2Fk%3Dgapi.gapi.en.9Bct3OJ96gA.O%2Fm%3D__features__%2Fam%3DAAQ%2Frt%3Dj%2Fd%3D1%2Frs%3DAItRSTPvFtsJdNTnw7r6dlELT3cG-Jn5Ow#pid=243&rpctoken=324968651&_methods=onError%2ConInfo%2ChideNotificationWidget%2CpostSharedMessage%2Creauth%2CsetNotificationWidgetHeight%2CsetNotificationWidgetSize%2CswitchTo%2CnavigateTo%2CsetNotificationText%2CsetNotificationAnimation%2CgetNotificationText%2C_ready%2C_close%2C_open%2C_resizeMe%2C_renderstart&id=I1_1426996231296&parent=https%3A%2F%2Fwww.google.com&pfname=
3/24/2015,https://plus.google.com/u/0/_/notifications/frame?sourceid=243&hl=en&origin=https%3A%2F%2Fwww.google.com&uc=1&jsh=m%3B%2F_%2Fscs%2Fabc-static%2F_%2Fjs%2Fk%3Dgapi.gapi.en.9Bct3OJ96gA.O%2Fm%3D__features__%2Fam%3DAAQ%2Frt%3Dj%2Fd%3D1%2Frs%3DAItRSTPvFtsJdNTnw7r6dlELT3cG-Jn5Ow&zx=bhy7if72cswk#pid=243&rpctoken=324968651&_methods=onError%2ConInfo%2ChideNotificationWidget%2CpostSharedMessage%2Creauth%2CsetNotificationWidgetHeight%2CsetNotificationWidgetSize%2CswitchTo%2CnavigateTo%2CsetNotificationText%2CsetNotificationAnimation%2CgetNotificationText%2C_ready%2C_close%2C_open%2C_resizeMe%2C_renderstart&id=I1_1426996231296&parent=https%3A%2F%2Fwww.google.com&pfname=
3/24/2015,https://plus.google.com/u/0/_/notifications/frame?sourceid=243&hl=en&origin=https%3A%2F%2Fwww.google.com&uc=1&jsh=m%3B%2F_%2Fscs%2Fabc-static%2F_%2Fjs%2Fk%3Dgapi.gapi.en.DpbM-BtxMjs.O%2Fm%3D__features__%2Fam%3DAAQ%2Frt%3Dj%2Fd%3D1%2Frs%3DAItRSTM3UB5dHgm_CutMnDlOFNkNRC36yg&zx=do3kpj7w2cl1#pid=243&rpctoken=377186619&_methods=onError%2ConInfo%2ChideNotificationWidget%2CpostSharedMessage%2Creauth%2CsetNotificationWidgetHeight%2CsetNotificationWidgetSize%2CswitchTo%2CnavigateTo%2CsetNotificationText%2CsetNotificationAnimation%2CgetNotificationText%2C_ready%2C_close%2C_open%2C_resizeMe%2C_renderstart&id=I1_1426547960624&parent=https%3A%2F%2Fwww.google.com&pfname=
3/24/2015,https://plus.google.com/u/0/_/notifications/frame?sourceid=243&hl=en&origin=https%3A%2F%2Fwww.google.com&uc=1&jsh=m%3B%2F_%2Fscs%2Fabc-static%2F_%2Fjs%2Fk%3Dgapi.gapi.en.DpbM-BtxMjs.O%2Fm%3D__features__%2Fam%3DAAQ%2Frt%3Dj%2Fd%3D1%2Frs%3DAItRSTM3UB5dHgm_CutMnDlOFNkNRC36yg&zx=a2w6yj3d8s3b#pid=243&rpctoken=377186619&_methods=onError%2ConInfo%2ChideNotificationWidget%2CpostSharedMessage%2Creauth%2CsetNotificationWidgetHeight%2CsetNotificationWidgetSize%2CswitchTo%2CnavigateTo%2CsetNotificationText%2CsetNotificationAnimation%2CgetNotificationText%2C_ready%2C_close%2C_open%2C_resizeMe%2C_renderstart&id=I1_1426547960624&parent=https%3A%2F%2Fwww.google.com&pfname=
3/24/2015,https://plus.google.com/_/notifications/frame?origin=https%3A%2F%2Fwww.youtube.com&source=yt&sourceid=36&hl=en-US&jsh=m%3B%2F_%2Fscs%2Fabc-static%2F_%2Fjs%2Fk%3Dgapi.gapi.en.ehmAeuu_4hE.O%2Fm%3D__features__%2Fam%3DAAI%2Frt%3Dj%2Fd%3D1%2Frs%3DAItRSTNcM--L6Y_snQHC2igwllAwLSbYBg#rpctoken=189719960&_methods=setNotificationWidgetSize%2CsetNotificationWidgetHeight%2CsetNotificationText%2ChideNotificationWidget%2CopenSharebox%2ConError%2C_ready%2C_close%2C_open%2C_resizeMe%2C_renderstart&id=I1_1426975511691&parent=https%3A%2F%2Fwww.youtube.com&pfname=
3/24/2015,https://plus.google.com/u/0/_/notifications/frame?sourceid=1&hl=en&origin=https%3A%2F%2Fwww.google.com&jsh=m%3B%2F_%2Fscs%2Fabc-static%2F_%2Fjs%2Fk%3Dgapi.gapi.en.DpbM-BtxMjs.O%2Fm%3D__features__%2Fam%3DAAQ%2Frt%3Dj%2Fd%3D1%2Frs%3DAItRSTM3UB5dHgm_CutMnDlOFNkNRC36yg&zx=b06992kxoq52#pid=1&rpctoken=155160816&_methods=onError%2ConInfo%2ChideNotificationWidget%2CpostSharedMessage%2Creauth%2CsetNotificationWidgetHeight%2CsetNotificationWidgetSize%2CswitchTo%2CnavigateTo%2CsetNotificationText%2CsetNotificationAnimation%2CgetNotificationText%2C_ready%2C_close%2C_open%2C_resizeMe%2C_renderstart&id=I1_1426188055647&parent=https%3A%2F%2Fwww.google.com&pfname=
3/24/2015,https://plus.google.com/u/0/_/notifications/frame?sourceid=1&hl=en&origin=https%3A%2F%2Fwww.google.com&jsh=m%3B%2F_%2Fscs%2Fabc-static%2F_%2Fjs%2Fk%3Dgapi.gapi.en.DpbM-BtxMjs.O%2Fm%3D__features__%2Fam%3DAAQ%2Frt%3Dj%2Fd%3D1%2Frs%3DAItRSTM3UB5dHgm_CutMnDlOFNkNRC36yg&zx=z3ezfsw1b8ge#pid=1&rpctoken=155160816&_methods=onError%2ConInfo%2ChideNotificationWidget%2CpostSharedMessage%2Creauth%2CsetNotificationWidgetHeight%2CsetNotificationWidgetSize%2CswitchTo%2CnavigateTo%2CsetNotificationText%2CsetNotificationAnimation%2CgetNotificationText%2C_ready%2C_close%2C_open%2C_resizeMe%2C_renderstart&id=I1_1426188055647&parent=https%3A%2F%2Fwww.google.com&pfname=
3/24/2015,https://plus.google.com/u/0/_/notifications/frame?sourceid=1&hl=en&origin=https%3A%2F%2Fwww.google.com&jsh=m%3B%2F_%2Fscs%2Fabc-static%2F_%2Fjs%2Fk%3Dgapi.gapi.en.9Bct3OJ96gA.O%2Fm%3D__features__%2Fam%3DAAQ%2Frt%3Dj%2Fd%3D1%2Frs%3DAItRSTPvFtsJdNTnw7r6dlELT3cG-Jn5Ow&zx=w6be1m6c3iwb#pid=1&rpctoken=105234650&_methods=onError%2ConInfo%2ChideNotificationWidget%2CpostSharedMessage%2Creauth%2CsetNotificationWidgetHeight%2CsetNotificationWidgetSize%2CswitchTo%2CnavigateTo%2CsetNotificationText%2CsetNotificationAnimation%2CgetNotificationText%2C_ready%2C_close%2C_open%2C_resizeMe%2C_renderstart&id=I1_1426875937824&parent=https%3A%2F%2Fwww.google.com&pfname=
3/24/2015,https://plus.google.com/u/0/_/notifications/frame?sourceid=1&hl=en&origin=https%3A%2F%2Fwww.google.com&jsh=m%3B%2F_%2Fscs%2Fabc-static%2F_%2Fjs%2Fk%3Dgapi.gapi.en.9Bct3OJ96gA.O%2Fm%3D__features__%2Fam%3DAAQ%2Frt%3Dj%2Fd%3D1%2Frs%3DAItRSTPvFtsJdNTnw7r6dlELT3cG-Jn5Ow&zx=ka0xrq8u28hx#pid=1&rpctoken=105234650&_methods=onError%2ConInfo%2ChideNotificationWidget%2CpostSharedMessage%2Creauth%2CsetNotificationWidgetHeight%2CsetNotificationWidgetSize%2CswitchTo%2CnavigateTo%2CsetNotificationText%2CsetNotificationAnimation%2CgetNotificationText%2C_ready%2C_close%2C_open%2C_resizeMe%2C_renderstart&id=I1_1426875937824&parent=https%3A%2F%2Fwww.google.com&pfname=
3/24/2015,https://mail.google.com/mail/u/0/#search/gmat+material/13e47cfcafe4da9f
3/24/2015,https://mail.google.com/mail/u/0/#search/gmat+material
3/24/2015,https://mail.google.com/mail/u/0/#search/critical+reasoning
3/24/2015,https://mail.google.com/mail/u/0/#search/critical+reasoning/13f3eee68ac96677
3/24/2015,https://mail.google.com/mail/u/0/#inbox/14c4bf93e0c1dc10
3/24/2015,https://docs.google.com/a/umich.edu/document/d/17cW3WnTwTutRSX1S7rkMBeLSIMXfWKp5WyiM1YwEUKU/edit?usp=drive_web
3/24/2015,https://mail.google.com/mail/u/0/#inbox/14c3e9f75ab51b8b
3/24/2015,https://ap-northeast-1.console.aws.amazon.com/ec2/v2/logout!doLogout
3/24/2015,https://signin.aws.amazon.com/oauth?Action=logout&SignatureVersion=4&X-Amz-Algorithm=AWS4-HMAC-SHA256&X-Amz-Credential=AKIAJAGUMTFT25MWTP6Q&X-Amz-Date=2015-03-24T13%3A59%3A39.177Z&X-Amz-Signature=5cf9c76148720feac104342d033f907b0e93472a052b6879168d199501fab874&X-Amz-SignedHeaders=host&redirect_uri=aws.amazon.com
3/24/2015,https://ap-northeast-1.console.aws.amazon.com/ec2/v2/home?region=ap-northeast-1#Instances:sort=instanceId
3/24/2015,https://signin.aws.amazon.com/oauth?response_type=code&client_id=arn%3Aaws%3Aiam%3A%3A015428540659%3Auser%2Fec2&redirect_uri=https%3A%2F%2Fap-northeast-1.console.aws.amazon.com%2Fec2%2Fv2%2Fhome%3Fregion%3Dap-northeast-1%26state%3DhashArgs%2523Instances%253Asort%253DinstanceId%26isauthcode%3Dtrue&noAuthCookie=true&
3/24/2015,https://www.amazon.com/ap/signin?ie=UTF8&pf_rd_r=07CWZFCE6NJ8NFAJ2GQ1&pf_rd_m=ATVPDKIKX0DER&pf_rd_t=6301&pf_rd_i=aws.ssop&pf_rd_p=1812789742&pf_rd_s=signin-slot
3/24/2015,https://ap-northeast-1.console.aws.amazon.com/ec2/v2/home?region=ap-northeast-1&state=hashArgs%23Instances%3Asort%3DinstanceId&isauthcode=true&code=gdkNEneTGIjYmFSWSPzim1LHYPL_UMBFbCVpTNnFd3ctYPcnkceMcnigqMH6GOa2iVMMlTk7AO8fo0XB1nmhVYFhRPk9YZmcm6hStj5cPssoVdT2f32WnMMuuCBJzMwwNeSoi1FWjJRqJMGMVX-aV15wb4NWIFwQxPxZdLMBLh1hYntLdUNNNtF85KascXviydNX1PxlRqUJjLPpXr4ru_iBrp8ZuPOUa28maphEEQQa6NhoXqrDzvelf6FvsqcjyY30wm1QbVg0zZr8hyA0swQMNO96veo2nahhdpBTRSBENDGrjmMkrrKoCoKG6UwM8vIGn3EBwAiNvznqW82-XW_wwwMCi1rFxahiUvaFBC_9GDlePQlQnqVrmIrmgF9WdsZ4-B316u8YCt9eFM8ccd3Ez5uVxBiv_KE4SPl9hPqorD3qMvg4GE8ESaik805SjbT_NcGLkAoOGxaO9UFTaYNBPiUOUzGWy4W8LdBMlqdy60LZnGSKbwPoK0UDtwHsRc2uCEGRO8tPg058frATbtdW1-9B5hn1WrSpDaNZ2pCx-JrWMqQSdPWpo0BwNCug4AH-gbhSVRNhTRIGOFmA7Ta0eK6_sOZSkDJ2il0HqM62jUGf5RR799gdUC9iDu2ZW2hc2CKUCY_BjCVaIKSU0q73Z9u5oTbGQheN1lJGn9lEJdimBECCExu-ZB4BUk3Kc6-jedLX8Ev_fSiGAiZBF4gJPy6CWqrhoEqX6nR-fG7U5TXqsWwXgMhMe8Z4W2DNok22ORet-3ziI0JD9dw-Pw8420m7lu1FpdWNjkRFDoHu71k3kwVZz7i6K_jqxHfWhoeX8MdArUKWIKfLvQgr_z_CgiIOJm2X2opoDyliXmocrPNLb3BvGuAnQSfPXnphziHiZdScyAXziKEZsZOuYnLd4z9OhjXDSessFLuhkrnJpPiZYbGSI19Zb65ctri5MMn0si-ZLGzHnG9vzkN83E6UIb-4tYmwUH2P2xtmWHlI5-GRScnVw8Iiy0S9vioJMGwqC_v4n4SdqZI-WBWdKYBt8sS_Cs9Cs1OeuIX_XtVe5tfbQdKVTOIRSKdEekf0sxapzYr_I8QVF5ECN_b9IpXkkr907l0-oY2_wwpapP6JAJFLwbR-Sx38UcaU9JZZzNOfI-kO6Aj7laUfdlahvWcPNvUjDlSYVFcz-y3_j_FvIlrmXOn6G8FtZkIcZijg9eyWulFb
3/24/2015,http://www.netflix.com/WiPlayer?movieid=80032029&trkid=13462100&tctx=-99%2C-99%2C4f18a620-8b09-42fe-bc7f-c5a8267fcae2-144231927#trackId=13589538&episodeId=80032035
3/24/2015,https://mail.google.com/mail/u/0/#inbox/14c4beb004376cb6
3/24/2015,https://docs.google.com/a/umich.edu/spreadsheets/d/1tacrkBUr1QByIZE7F93XTQEqOeOkQOP26pDP8GacDgk/edit#gid=0
3/24/2015,https://mail.google.com/mail/u/0/#search/t+shirt/14c41b342116ceb3
3/24/2015,https://mail.google.com/mail/u/0/#inbox/14c4a9b23d90d61c
3/24/2015,https://mail.google.com/mail/u/0/#search/t+shirt
3/24/2015,http://www.netflix.com/WiPlayer?movieid=80032029&trkid=13462100&tctx=-99%2C-99%2C4f18a620-8b09-42fe-bc7f-c5a8267fcae2-144231927#trackId=13589538&episodeId=80032036
3/24/2015,https://mail.google.com/mail/u/0/#inbox?compose=14c4c733b17af586
3/24/2015,https://mcommunity.umich.edu/#group/members:183graders
3/24/2015,https://mcommunity.umich.edu/
3/24/2015,https://mcommunity.umich.edu/mcPeopleService/cosign/valid?cosign-webdirectory.mc.itd=utQx1IqVMCLalPHF6-1egsH9krQnsyUc-FxndGZ5ry6zx8UVsZwOPa+A1jHhj8C-aYBCVhvkXOXb-7in9Ma97-0nXyxd3MajV-VLK8XyiPkv5MEuXzBcBZruajpa&https://mcommunity.umich.edu/
3/24/2015,https://weblogin.umich.edu/?factors=UMICH.EDU&cosign-webdirectory.mc.itd&https://mcommunity.umich.edu/
3/24/2015,https://mcommunity.umich.edu/#group:183graders
3/24/2015,https://mail.google.com/mail/u/0/#inbox?compose=14c4c73cdf1ed65a
3/24/2015,https://mcommunity.umich.edu/#group/members:183tutors
3/24/2015,https://mcommunity.umich.edu/#group:183tutors
3/24/2015,https://mcommunity.umich.edu/#profile/groups:lisadion
3/24/2015,https://mail.google.com/mail/u/0/#inbox/14c3d7db266ab0cd?compose=14c4c750f847c29c
3/24/2015,https://mail.google.com/mail/u/0/#inbox?compose=14c4c750f847c29c
3/24/2015,https://www.google.com/webhp?sourceid=chrome-instant&ion=1&espv=2&ie=UTF-8#q=james+corden
